song_id,target
AtbbbHSSnm4t4JoK,Pop
H+7mSObgHc4gJSX6,Pop
JCE8lE8K3noBkhRM,Pop
IjsSsfu5Evyoowjs,Pop
pUVi2HmhX5IK7BUM,Pop
Z+Z/K8uoEuMXwBdG,Pop
9F/u+qyl+W7zyBEc,Pop
Sv/7z2FCjPaJbMuu,Pop
Zvq9WvuMXl2KGmWz,Pop
ANVlBe7J8wy2QiER,Pop
mRLHlNvNmW9AbNS2,Pop
ULeKz/dCVgKh6FSy,Pop
Iwrwd2lVB0xLP3tH,Pop
wV/yvl8+7WI+u8p5,Pop
Wq5UnGw7VUci40yA,Pop
vBtAZOe/otX2UMXC,Pop
MHrP09jW4tTQsUro,Pop
g3u5fOvfCePqfOKk,Pop
JhntTCzDaLsEH+rX,Pop
FYKgaRsggI/ShpRM,Pop
WwOXdZNXDE2979ux,Pop
59VD73F4/7ExWFeG,Pop
59irGadJRFm5Lx5w,Pop
T2hWJw68f4qKI1n1,Pop
evZ1AEulZ/oY+1JY,Pop
mJQF/GnAuFfneJho,Pop
4AK6tfPx6z7mABhT,Pop
zoQVNs9PTJkna4GD,Pop
UyKNoUT614/NleBC,Pop
mL3kmTAqBlJrJdxM,Pop
P5v5MDhxkKF/WnaF,Pop
vg29hfsN3vOOD8gv,Pop
Of1rY+kNkhJ/GIAX,Pop
4cYVnZbdfHTU+18p,Pop
Wg9I6o3hwPqehqKn,Pop
SWVTNuusqFtXuiWj,Pop
wR4PKues7Ln+gswC,Pop
ZfCwohd+cQmuqIoq,Pop
Ix+AlG8Npe7dJjOI,Pop
qGWI337HgFwHaC4J,Pop
kIhbvbZiiCFHeBJg,Pop
1BlNcLN+5y+wHJUK,Pop
xQ3wsWGlKiuIzMpg,Pop
urqYEIvcC6EMDRDS,Pop
VoXvXjpj7ApvXlAw,Pop
q3ActSLI82LV6zxC,Pop
+qvAb/RcnKaJ0Eqe,Pop
yuTTndbhfFxuO/iY,Pop
v/oJj/ynDKY/jvlV,Pop
rCGF3gQPrrG2baZ4,Pop
LpXjpY8nlJX2nj6B,Pop
9q7B4jqRYq2syT+N,Pop
PvCFa/+EnYKdzs8/,Pop
vfIFMMhOG9gMjKxs,Pop
fySjLQ1LrZ5AnslH,Pop
qTFt072z0IDr1gp4,Pop
ub7TeeenQ++fKOBA,Pop
NE4ONLG2NNr5Alg8,Pop
JyiWjfauNaQoPTaT,Pop
9NG5wgyWX78XPjWu,Pop
pG31IW3r+JqpLzS2,Pop
ukejUMf75BK35uAz,Pop
SXfpazHFK+o3UE9a,Pop
y+kD27i7ANkmPZEr,Pop
L+Bf9NG/LqzBsNrW,Pop
yKSKYJE4/x6kiEkv,Pop
ZQs+XXAREfLAbgY2,Pop
c8iChprHCl//9ic0,Pop
JvyoCCvtvFxfumgP,Pop
HaVkIjAPJosvV5VP,Pop
cdhzdC/jLOAN7UGi,Pop
gJ7oXTqGqPSzZKx1,Pop
FB5UhKjr0Ut/eIoP,Pop
DrkkbTeVdpg1zvCX,Pop
25gfqNYf2MCwFYXt,Pop
4KzXDq6/40YWa0uU,Pop
6Z/PHXu/gQwy5dyf,Pop
mJVk3LajDTsKakD8,Pop
G3jpJhuTPfi/bWV+,Pop
0kPl8R+1HXdAiNye,Pop
CUu6UBUVoSwtGZaB,Pop
4FPJvOakS4gYBFyU,Pop
3Kb/7CeICtUH7DAv,Pop
xXMWowWp0Yk6H/ro,Pop
ccY+wVpRH11GjDhI,Pop
BhTDsJKGoF4MKaym,Pop
79pIXq6gaq63IoOu,Pop
CO+KIM3qDiZSqQ4o,Pop
pw0Nd0ab3IHy17BE,Pop
JAIcIhS43hJPLgLT,Pop
8H1G0kkzPkyYRbLw,Pop
fZuZHxJIczoxKQA2,Pop
usBBapNdBvdiu+F7,Pop
F9KnqnL4a1uHPO5h,Pop
GapFGw1/80vGNFcA,Pop
iSw4MuhEi/o2YNED,Pop
WtjlZ2dX4ToY1rj+,Pop
HLxK//Q2jlDnJQLB,Pop
fO0iT/h8nFtgCsZi,Pop
4tNQTE9IvSkFzohO,Pop
b8lLTugzLvn12Saw,Pop
4TRNQTX2g1UO9QsS,Pop
JUirqwOOmzGua19f,Pop
fbo0rG4HlrjqsWWl,Pop
/LpBzxBizj1E0jJy,Pop
X9KF3ewMwOcAU33m,Pop
awNCMnFqno8ZpPI+,Pop
N5ZSl8Mk51b4VCbh,Pop
kxr0YMin9qhy46k8,Pop
S2lbe3ymeUH7udSw,Pop
74cvvAUloiOazYid,Pop
0CqzedwTgeqVEgzI,Pop
VM2sb/NWJCLfxmrU,Pop
ZGG1yADpYya1fLt5,Pop
1hXQhG9F0rkSkkb+,Pop
3kwTfOXHbNlLSXqW,Pop
XTDD9HnXOyXWy3b1,Pop
TQusrJZz/WNDTL7l,Pop
bDdKbVeKsYSk+u2Q,Pop
p3/YkezgpZfrfcF9,Pop
07T6pUyUm5/GsbZY,Pop
/CWdf8OdupNs0PDG,Pop
YlPyU8Q26zB5QRym,Pop
2KMgbV3uDepvOR1J,Pop
M6GgRclbxSVb7ogT,Pop
1Vi1FSthYHpITC/M,Pop
87u88IkdNZZeL1dU,Pop
a7MmZDMRx7aGusRy,Pop
8oZnSDKP8BzD8YkB,Pop
3JfTPZMLqWIvY/NU,Pop
ECLOwMMomoDb6IM6,Pop
OupEj8Xb6ErBrn8S,Pop
ma0R2ko59G9+I8Qi,Pop
mlr+H4g9utDJt++d,Pop
FAEwqijobccgvTtC,Pop
C71JDhvy9f4ApabD,Pop
/vb+b16j1REF4g8n,Pop
ZxmfcF8iqu+pJSp/,Pop
r25yOaFUuVTE1AHI,Pop
3NsuWY3ZCdDzDnvV,Pop
PYjgj8OvcrbXW4ii,Pop
L0NtX4xUKgdZxivX,Pop
CHQ5wI5SkYIuEnB1,Pop
rflGMsGisImBcJqy,Pop
DY0iySM2eGOmBAYp,Pop
hhONR8FQxE8VwEk3,Pop
QDqJfb5pTQP1YqLJ,Pop
NjjfJyS5WrwSjz2R,Pop
KpH6Gmi13QJ0k7MH,Pop
nzf/KwFXFKmXiJMB,Pop
Keo9rEbzpMK9d/Zi,Pop
eog/JD6G1BewM9q8,Pop
OSw896mnUM7D0sZE,Pop
XEvs6bW60w+ZK4If,Pop
kedXZr5r0rXOEiyU,Pop
BmonVfmTfEBgz0oT,Pop
QMi1ejONSBI0pVPZ,Pop
grrV/GNcemRCJbHv,Pop
rSVU1SMBbXNjhhfh,Pop
SX6+gdYIfLEAoNzo,Pop
FGrCUWuvHxuE56Vx,Pop
nVJAfz67JnU2JY08,Pop
W5WrNG0Kdd4qTHI0,Pop
PyKTftgcDv4j5UZa,Pop
tNd3SjK6NkL8HjR0,Pop
pKPhy3h4C06YIora,Pop
GZhpT/PsYCQ9ZWd1,Pop
CsM3rsUGvh5M5dEA,Pop
Y8lw+ok0VoAQTe54,Pop
wmIwDypbNQ+aviGt,Pop
zhYaNiphcjn+BHa7,Pop
o2ndxMRPoieBy6U/,Pop
EN+8qzHEeX/5Vjh5,Pop
hHy/6QGp468UvQWr,Pop
zSIp6ryIVBWAqbFW,Pop
2y6W3fuFgO+TC5Rr,Pop
/ZmjnWgc80vYZONx,Pop
OrirNk7LbgqHIIB+,Pop
c/pJlESndB9VtCw8,Pop
GDxYLq4PpDsk4zJz,Pop
IAx7njPRi4O7xjik,Pop
j95I5jBczvNfUJ0R,Pop
QZZMdV0WzD5v69Pc,Pop
lR5jUH8Erpsynf4v,Pop
60xQInSG6FTl8V4L,Pop
kOuJvVlPmewJELn9,Pop
uy2Nr3h8PCAzjEk0,Pop
FDd6G6cBqo6UyzQj,Pop
qmJOxxz52PFZLXTB,Pop
OU1QgRiBlxlyvE/Q,Pop
ILhPQVbDDGpvLLs3,Pop
UiRw0HbyjXWYk/9q,Pop
gxGvtHdfEkrjVtvX,Pop
eF0rSgQ6SEJ06IN9,Pop
dFX4LfPbHXKICCn+,Pop
kpELbEuq2b9PW754,Pop
VgC2KDj0yjaOVFjA,Pop
avlrzfWCQX/1F5mi,Pop
V93dVOEj5BsfhjdQ,Pop
xAoAZEI1nIof+DBs,Pop
uGQXtJAKMDglc9eV,Pop
J0lzNs2G5a1tEHV9,Pop
MwZEHYyaw03L/vP4,Pop
3oXYIT3j3q4UR2hu,Pop
8mr4jTp1vDwUC4Xm,Pop
qNgyaIaV+XafN+sD,Pop
ZqE9dhsvAjnmuZNf,Pop
P9O6c8wfJUstCnCU,Pop
wXb/Rp63eftRN+nM,Pop
CcW995Qr1BfAhZnU,Pop
Xj00BAq33E4jstjQ,Pop
rcHpu0GsseVwQoCU,Pop
2P9nRuq/YiC2AcG0,Pop
0ugX+6QMP1Ee8sWO,Pop
0ZGNjUtOamsx1388,Pop
RmzHloQVobJiFRak,Pop
RYFwYp9UNrp1xTds,Pop
ksUSp4eR4e5XDuCX,Pop
8zRtjw0uEwuVMjVp,Pop
FXEx8t0AzJjwBE7F,Pop
k0eOXB5FHEzik9JD,Pop
N2mk4ooHQqrxOsRD,Pop
LttwBi+1Z8HKC8s5,Pop
BXg906jwG004tr8l,Pop
ZWFFx6FHgpsdTQHw,Pop
oQ2K79M1vbUprGvL,Pop
4x+AkRTW/slb7mPo,Pop
g8o6CPE1RyVeoDWO,Pop
DxLdeeoRlQuCBVX1,Pop
tCYHy9/3whkZK9ll,Pop
JHg86D4fr0bH4MFl,Pop
T2JWZSISM0ldulYE,Pop
lrqc/fDCNQO8UaRe,Pop
Cq9HQ6jC1n3liGGt,Pop
8djkphl4wtUAa0y/,Pop
ei7SMpTNYcBHlnFf,Pop
icUxVzQvELSZUqjN,Pop
xJNQmc7EdtIg3lYO,Pop
bWPwIFtZleW02Jn4,Pop
BFcnWGa6MhnR49P/,Pop
jeeqPpviDIf6KgN8,Pop
s1JOjIeCWtjc+1ss,Pop
okYsSbBeHvSnzZhH,Pop
kflIdpk9hqzfe3wN,Pop
ruLxWO6PFVNnjwif,Pop
Dj3H2d+en/SHytuR,Pop
DF5KTFxG1W2rWvJa,Pop
G53nMlO62AZoHpr5,Pop
mGQNkVJ0millBYmH,Pop
qsMFVHi/1ff8U3Of,Pop
GlazfkMcaGDgSDwp,Pop
9h2GdMzaMPSyr6BD,Pop
8pcyKo1wPtNtVNE1,Pop
wBX5SRo6C2g8ltUM,Pop
y2wRpPmaGlk5ZdZ5,Pop
dm7icQKYkTFMY/eY,Pop
2O7Do9vpNOXPXLhJ,Pop
/C6XsB88bJIMFGg4,Pop
MAnC299A6H7FyUog,Pop
WSKIQRXDj+rmyPdL,Pop
Ix1mMK9wMUI0CVXP,Pop
bEvRk9NdZMGYk0rB,Pop
gNti1qyKrumD/xUj,Pop
oYvJX/gsYjI2gc9r,Pop
Bpc3AoAqKlXeiWdI,Pop
IkZNqyrYAdQ+XBCL,Pop
XcK4wa+XzIZaY7kV,Pop
SSo7cbCYm1E8+jpz,Pop
Cw1BH4ulFyP5rFqC,Pop
Dd11WelEGhh/VPsy,Pop
1CIbRkPWJSlMIDEO,Pop
uhFz0uwWM9nvE+oj,Pop
BHGxg30xsD7Xya4w,Pop
M8iXNJEXCwMXyULN,Pop
Io2nVdFvQA4AerFk,Pop
eaHfWZvZubi5RTuB,Pop
ldDhqjJL2CXoUcSb,Pop
GX3nWMQG1pJMKu4v,Pop
wmOz5bBkEN5TbU5G,Pop
hPX1LsrpWrRZgDjK,Pop
/K6mgFNwI0To+Q/n,Pop
FwHL9FK1KsWH93cg,Pop
q643aDgcMv1O+LI3,Pop
ojWXdciNJe6l8K6S,Pop
6ga37DaFR3L7lfcj,Pop
NZ45Fju2Px3hjMQ8,Pop
Xl0A4NW8QtAK5Gi9,Pop
Wr3MLRGLm08yjrGN,Pop
66ua9o9bHXeq9lpD,Pop
+uuVSoEuW50seZo4,Pop
GnDaonK3LbEikpxl,Pop
UL/9f3ABm4vUxSmL,Pop
WwTxAyHdA51qDeSB,Pop
FjvwomX1ac7RnSVU,Pop
jhme1IK1UvL62tbq,Pop
yV6sN4fkPiwcj9z8,Pop
GXV5VwZmf70HbCrp,Pop
pLtjw+nvurDnGlsW,Pop
vlSTONlSWj5Js64B,Pop
omQlYJHGMjW/1rKZ,Pop
IA7o+iEhsDseTM+R,Pop
tiHrJ4yBhQADCFmb,Pop
OIRhBUTBvNxLM4dd,Pop
oET5OjLLbv0fBrn7,Pop
lCTTZLHIyiXsMYI/,Pop
Vxo3gsPwcUVJ4bFS,Pop
a77ucakZDHKacY4N,Pop
+Ho7RKhfX7aK9ijf,Pop
L1a6QVRc2UoxbO/o,Pop
Pn73FT3LpQK4jIsI,Pop
wm7WMcVRFdYLQKCo,Pop
rrj/BBEMOmzO+mad,Pop
mDClaSu4jq0w+JjZ,Pop
yELrDOHBvsS/+cGO,Pop
WK8vcitW0giiX6Zn,Pop
nEkoBNTfCqMSeqde,Pop
3QANJrWDNuTTevpU,Pop
+0Mp60NNJHjAA0jm,Pop
tjIeJPgQa5aslodq,Pop
jqwV2a/FzwZPE6xa,Pop
qA+Bt00tvXC9MyuH,Pop
PY+5durHg3kG/mQh,Pop
xyOcFJSItdabTC+W,Pop
tyBc6gkEYLnEWIzf,Pop
evc9L7weMJ6TsHCt,Pop
ZGkJOtROHU/W0sJ6,Pop
nEnKFRea5ahA3vzz,Pop
22bTKpnuhAxfnJgp,Pop
79Yun3vgDYpekSHq,Pop
kHezCLyStFlVnZ3d,Pop
f5Fy1dkh8gGskrXC,Pop
NmyvgEVxcI2716uO,Pop
Hlrh2QdBnwuVZ3MC,Pop
oQyxZi03fD2y/b++,Pop
wHRVJg05/MrD6bZN,Pop
48rIOcTxdrQHpT6N,Pop
5Z4abCzqvjUXaJOM,Pop
DZYT5c3gD6Jixb9G,Pop
6o3tsN/CmmNCAVay,Pop
Cn8vDlZaoD8cG/Q1,Pop
hydtTcVvQYul+Fle,Pop
c5kK7YhlhKfmajl3,Pop
TGrNObiUHs4X8bbt,Pop
dV9SaE0XKBWhzjFD,Pop
4p6a6L6PVAgdDvgZ,Pop
211CsoE/FpgjO1B8,Pop
UxWmKT2qpM1/gxHa,Pop
5fkQs6d0y7lNoA7k,Pop
VXVN9UGxsElF6hE9,Pop
JVe+FphU+fozzvpF,Pop
oysvvVzxeX1u4/Ww,Pop
XJOrNoIE/4C1LtTo,Pop
D4eY+09viiGS2bdR,Pop
U7GY9qdSP4ZF/x3x,Pop
xgLduocflWTeMfsG,Pop
HhdXF1dVYM+7KzLM,Pop
3MLNvak3SofP9qxp,Pop
Vl9LEVc28qeBmBz9,Pop
AIHc9tYuJJi1PN5V,Pop
7MSDPIAdRAO9rnyK,Pop
CaH3SAaOee1H4R7f,Pop
Ags47rTg/BdZvdmb,Pop
VSkyq9NLrCxgdW3E,Pop
Gy5fGtDzM3XlD3cj,Pop
tWtHZvPW7MN3sEjf,Pop
O3RHiKpQQeMJSyEp,Pop
kLFGrvRDi0AE9SID,Pop
h65cv6WgudXcMIyi,Pop
1qhv8J+ateDp8M2b,Pop
l0WRcgE3WLMKBBwS,Pop
1ujBthc8nKO0E33Z,Pop
I3/JMIebMMsymDa7,Pop
phlNtMYz4Lcv1chs,Pop
beRbgGm39b8XrIGd,Pop
U0LCnjPNwgCDxy/7,Pop
X3drNTMjchSAq1zs,Pop
AQNbLk7H9M3TnbyY,Pop
YbpHLs7+5QDwOgtU,Pop
9diJ2iVn8G2a4eJK,Pop
dPD0pdF9hh4TI3Ev,Pop
n5zp0uCHSUVLjjV/,Pop
DAeh7SQLWyJWaStq,Pop
G3UBtNXI1Eh19fWS,Pop
zSWQLyUU6pDHPwMy,Pop
b/MMc+z9DTGDYRc0,Pop
88DQvTe+Udh7ZS1s,Pop
MHNSFeMDcDxei8fr,Pop
emg/+aZy3PwK2NLb,Pop
DeXUWqzudvazPW+1,Pop
IuhMN27EvxnTJ5kk,Pop
mxXa7lfOZc/JGen3,Pop
atdUBtH6+h47PMDL,Pop
57jAHDtymAxOV4Dx,Pop
AySNPFSSFnVZ7FNQ,Pop
xWDaXBzjmgtJd62p,Pop
ItkCky5QtrhhBgx1,Pop
33ve6QYuCiHYG7hD,Pop
J5nEGTgA7UpQ3p8w,Pop
AM8i1Bpb+I8x0uFD,Pop
JX8Y7I3No8LZd+MY,Pop
2svZ1ss+Oi4+/KZa,Pop
7ISgJjcajoY+318d,Pop
FiPX57RR2Htkid43,Pop
nopVhJQ2gt4QY+Fa,Pop
6H1O0MUVhdBCMCbz,Pop
cndF+gZ3egdpUdnk,Pop
fa2QNtDbuhEgYHjw,Pop
seMc7+oyHXbQ9D3q,Pop
cn9N1GFsRYkhDNl+,Pop
mk4V3wMF42Cvh3tz,Pop
6JCovdIBvXcWFTP8,Pop
YsAYujGU9QzFoPar,Pop
aSBwP5fbP+cHIvCs,Pop
zOzaRd8kBiqZNg8s,Pop
lQiLuWRhfuaQFg38,Pop
7Sc0/6LpNbss6XKy,Pop
GilQYKgDhVeYqdJS,Pop
x4qc49GRcPYsQxH/,Pop
PWcnnfHR896Meavd,Pop
ZANRMjB5AEBuReod,Pop
/EQL9Ucqjqs2p8Gp,Pop
O5NnsDjArJRx5OE4,Pop
SEL/gfImlsQ3ANTM,Pop
2w4cQyykgP8NOhV0,Pop
GDN1scOlt5zu20Wb,Pop
QborSIPDQlSHh5Nb,Pop
UMeY6MVdc+PDYsup,Pop
WY1rIjDVcagIGEnF,Pop
r8GSfYUMSS83GDek,Pop
RU8lkEP+zZ4trSli,Pop
34cu80lpWJ6JCYLv,Pop
VwXMx6GJWEqiY7XN,Pop
DCbzIMIWWzOolKc8,Pop
+ERtAFbR75t8m8Ub,Pop
Sa4ys2HkVY8Rq//T,Pop
zWpvANUt3zMukp7y,Pop
iiecMbovB9YK9iwT,Pop
iR3SSema9pSzyy6a,Pop
/u+F7MTpCh/mSHKZ,Pop
MyiMbejOFEXQtTpl,Pop
ijNVIYSrcxCLEeAM,Pop
dRhHacAyWlM1/Dku,Pop
YsXuoDstkwOTufNu,Pop
WyKujkVsOr+Ao/LG,Pop
pUfQGWJkxubhBrRP,Pop
msqjXTFHbsSI3eSm,Pop
Z1bqKWvFh/n6qj8N,Pop
Z/LgPTC2GofQKtyS,Pop
q+sjVZCEK/GJwB07,Pop
NZTDjmq91hTfhDiD,Pop
uwVzyCQDsvsyKCQy,Pop
ImQdblv3wrXUU4Ke,Pop
k0vLPy10yYV2DSc2,Pop
H02unmoU6gsm49wT,Pop
oSHZaEUukcwAd9z8,Pop
sb1TFdhvIdsm3HeI,Pop
8vALjE9rk0XfT7a/,Pop
hsukhJi8skqkl6sN,Pop
e+Lr3kDnm3v95zsz,Pop
gNTcrJZxCy8a3Mla,Pop
K+iZxGDgUI2aU0oQ,Pop
gKDogeJopPQOB2ri,Pop
6XAfJKEbHU2K8Hch,Pop
hR+F43DXuj6OuTah,Pop
C4iWzD7kWKsmUHLY,Pop
P2sJkxdAj046SKIH,Pop
ozLZuDt2TtflU4AD,Pop
n9v6GsVbFamwQqTQ,Pop
qAirq5/NkBDdhApH,Pop
G72MpXrsHmHURyOL,Pop
Xp0XeTCw1HedE4yD,Pop
VTx+ON91MRiEegDv,Pop
G9MRBEvokVAHSl8z,Pop
KcoYX4fFW+oFhLQH,Pop
vpuesQu78ZFYi53m,Pop
MMJlwqoPgUtNJzdq,Pop
kdyGJh2v98YYzED8,Pop
KbUYA+xAAP1NOyKL,Pop
x5UB8OKxrvxWoxrY,Pop
K1r8XrheiSxUxhL2,Pop
w4aEBbgFny+b9bLA,Pop
xQCNPdP3nIqawIKu,Pop
zWN5qelT21zm+X7J,Pop
M/46pjv3oa4lVnQM,Pop
w6rReVLDcoK9kjMk,Pop
DVcSh97FXu5divLV,Pop
/U4C/oC7KqepyfxF,Pop
OdjqhghiC/3Xu8eK,Pop
FIxHQIKQqILDdr/j,Pop
7ZFqu6OWDsgGrvGB,Pop
7CuVhO1j+JZ7PYdn,Pop
ycAXtYW3mNJFQckl,Pop
cKFW5qmE31+U+W4N,Pop
AgpdhvTMurcMKxX5,Pop
6RJxiU3uFyOiHBm0,Pop
f4j8hLryLZoF55wQ,Pop
U9e6AQrYIg002SEe,Pop
JvmykOAiYzlK32TI,Pop
QVwqX04U9Kd3AOAL,Pop
ElTMZ4RAARUy9Cpg,Pop
e0L9tyn/n+Ep+7LP,Pop
40fDPv3qpEzkkNDL,Pop
/rmecECx6D6z3bqt,Pop
mfbIUgQrxQtuG65o,Pop
idgcPQFK07G8cQmB,Pop
vx6m5bDtm5YYW55Q,Pop
BDlN52Tx3KDN505Q,Pop
gfcCs2O/WS87Dbst,Pop
YOPuMPGXeufj3rRR,Pop
Vfk7sK5S4okj7wNu,Pop
HXXLTWfV150CzXv/,Pop
z/BBGY/lRcSJOizE,Pop
utpD5YwT6hRfwR/J,Pop
iKOBQkL/WZXwN2LQ,Pop
OygGHKdyCghQe4Kp,Pop
5w8Mhu1XS/EqaetN,Pop
0XbLHiW1uw/V0/pK,Pop
FKg0iPK6dNSrsCn1,Pop
08unxRkKEXjtWyfa,Pop
LZTIwdzk/hVfo0a9,Pop
bCbxKZuB5PQQpLg+,Pop
fRDP50sW/5vGppns,Pop
jh1PXymW7ynMU4ui,Pop
f5JeG+JOhfQHJrZB,Pop
mnM1qFWuWxpGorgY,Pop
bS+21N0yo9NijHaP,Pop
9uw1gBwrE15YD91Z,Pop
GpXX0o2z6bRv7ob0,Pop
qKbF8dUNuxU4O1mo,Pop
kfpUOZT/Kl33tUlu,Pop
rukCRgBK9CQ0YI+p,Pop
bZiOWiFMUUPjVwuy,Pop
R6mwV5UITwbYjQK7,Pop
kxpae/QHkHGDDIhE,Pop
q9aLDvXEygPP/lWT,Pop
Rt7eON74cDKOFLHz,Pop
+sJYAZE17089Ss8O,Pop
L08RJ/UvGUHjdyct,Pop
X0Q/yCPgUYpFZ7ww,Pop
iGUYxgP4ptKsvj94,Pop
nJdlJbwxIUEnuod5,Pop
XlytLzsq6l6nlVYS,Pop
e9mI3BHgUnorWPPZ,Pop
zxPzk0Nye501ENGY,Pop
QUcCbDiL4CRhkfQ7,Pop
+DG1BUlqlYFGb6Ug,Pop
Ey2ZLmNMSYSCh2C/,Pop
rmFogMFKTI11GP9s,Pop
w72Zt3oOb41W6IZL,Pop
6pXEzeGx1yJGpaHB,Pop
FmyYUaRqNGujdsLV,Pop
Rd2/k7W5i9Uh81Zb,Pop
sdOsyUiXDUq5lRcD,Pop
MAz8IanXUItgBO9F,Pop
wf/tzp2ouJzOVDkF,Pop
KEZh+M4XoGhWooQB,Pop
+vj4cJRMB994sWhp,Pop
1/NdMEDIUFk0O2Ud,Pop
RGbmbgybcDNyC6lT,Pop
NKju5RqsDYBwsQk5,Pop
N9R//Tjy3oHB1Yv5,Pop
4zyikl+ua8yS920r,Pop
5z4wcpKlgLZTkkMt,Pop
0vXQslW8QM7gXcDv,Pop
RREADtXL/3lE1CzU,Pop
QSNBfZ2JZt/YQaEq,Pop
ibeSxAgmVLjmfu+Y,Pop
LBlCy3NbTMb3HBCI,Pop
4LtoPkqhDrFPAE0h,Pop
UN9d2rXPISlApsTE,Pop
vDbLbDKWfIMEC3n5,Pop
BkafQcKOaIL04pNk,Pop
kMsLXqyaAx9+EMPu,Pop
/ERTkHWJm9mKbotL,Pop
82YWX2tNLhprEHih,Pop
J+bYGns6YonaGEx4,Pop
SC3hwmAKxqXkcuC0,Pop
kHxUeBFvHAk9IU11,Pop
6vW3uW2lk9w6Lm1o,Pop
cl8VjhL2BXBnw+Ef,Pop
KB6ZqBGa7sNM20Hq,Pop
CeTvKAZiTfD5jnU9,Pop
0lqjugN7o1xo5DCP,Pop
+xB7msRPBtdmDVbo,Pop
eOfNIDOOaGrwwjtA,Pop
fwWoAOXvykG8IrcQ,Pop
658VYKAo3BfIkfE6,Pop
P6M7dnMV/JrX0Ttu,Pop
5osw7yrpsN48ygUu,Pop
WGPJ8R3vAhx0QKIQ,Pop
MyrxSuXg7CZPK5b6,Pop
I4lIwpGJH+AhpQRc,Pop
MaL/NXAF2knP6E10,Pop
T2etiOLDvLo6Fk9z,Pop
i81Ah6u1xWflqrSI,Pop
SVzI29lbc78ORJnO,Pop
c7gwcY+WuxM6m/eM,Pop
nTVXCG6yJ3IDy2BK,Pop
sD2cFOIUQEcBeanv,Pop
8umj35LKVemHoqpz,Pop
XYqddjIqA980PHoV,Pop
uuEvMbqnG5yBuZ72,Pop
tKYTID3Sfbo30jVq,Pop
FKyze2KYVM65S8qE,Pop
3cxc9jmZ/sTVcUgI,Pop
BLOcZMUcXrlgr40Q,Pop
UAGPSzUNP6lAy3mb,Pop
MKrqbSQYqfZqmmjQ,Pop
gh1Y6GcK2gDQyG3y,Pop
htZ81pi2712oRJKe,Pop
O9YsHDe3AeFvFnAb,Pop
1M0zJduB/wUwZXmu,Pop
kYEvVspIIOsHCG4U,Pop
eon1qQgOsIHXYaWD,Pop
86PT7aklEkd1ugJk,Pop
LrYCjY6eoI84Q00B,Pop
ulf8dGhNijTTt1jE,Pop
6nAj+aKNoqbkDGCl,Pop
musLfREKzo4ENoSw,Pop
LJIZZPYK8cgk//SQ,Pop
64yKTsxY7y2MRPhJ,Pop
lDeYNIBaXPnPOmAz,Pop
zgpeNSE3b4o9ROSP,Pop
H8wBhwD61As3cRIP,Pop
tjTVDDn+mySnjp6N,Pop
BuhgH2vSSD9Ifa5Q,Pop
imbHCkfra7kjZISo,Pop
c8bhvx+qt7sneQW9,Pop
ebJrTQL4ezYkRxu6,Pop
R4cTgibu947VDUyi,Pop
3rm9KUXJjtpfEicF,Pop
FOrQEffq7T0gf+T5,Pop
GhIEvdsv0NTiggKx,Pop
7X0133KgFN9/9+w1,Pop
8a3TXtDIeJwlOSvF,Pop
C4EDvPFN3LJg1wDO,Pop
IonL4BtuSUapivfe,Pop
jytXKSTD4M5A2Xwa,Pop
/tkPgUP6+A71MVtL,Pop
GtCIC9VB90ZLZRi9,Pop
a9JJiTUmtY6wiQnw,Pop
Ir3GgCMzgvjiFyst,Pop
3/tjafwMF0EPGw2s,Pop
65oi9PoP3ElGZPDx,Pop
GCYAbF+Oo+aIz4VQ,Pop
d3XQdgpl9JvNwqop,Pop
wx8z2VmhKRz87xYl,Pop
JwCD4oXfHofSnBGZ,Pop
GYpe8zkptFmVquZ6,Pop
2lv6LrFf+n+2CCkH,Pop
ufozBr531BhsFSk6,Pop
kVEZ5nKgrr+9EfZG,Pop
wfVjZ5DSRPgLL/SX,Pop
yxSeCeXFWKeQ9uVS,Pop
8EF+DMZtvilb9xQQ,Pop
pjK7xkaROKnOpzEB,Pop
VGTqqBmbRHSr8qzf,Pop
wB8B3ZsHInz2LfFA,Pop
ZCW9z7naHJp1Tq9e,Pop
0FaBhOiI2Q4QySiv,Pop
szlzt/6jLBnNHLNI,Pop
HpN3NlgcS/m6q2vR,Pop
ABpgrsQaVjobjOmD,Pop
BetDCn6eltp7fqs5,Pop
IHYOWucxcEw9bACx,Pop
7JPTl+gYKc/Hxhnp,Pop
IFArtOfwkp3JvdCX,Pop
prW6b2pAx6dIV3IP,Pop
gFGhy466v9dbWGO2,Pop
qIgBr5zpmuvgzyyv,Pop
8KT6SsOoF8Rft231,Pop
hxbky/Xd/rJW3yNA,Pop
jJdfmzlE4RTtBAHG,Pop
vTNigOj4y3e2ljCZ,Pop
7kxbiWK8unlUm6oe,Pop
fVEd5ehF+lISQ1BG,Pop
ZOUIa4+NgH1FaY9D,Pop
GrV58e7Zw/oHbszw,Pop
Ks1VA3fOPvDGaG7/,Pop
EemMvw7PvnP790gX,Pop
Gyrz/bFOt4c/u6r8,Pop
wgQIDhuoV5+C2r7P,Pop
1iq5mYL9yVsO+52U,Pop
OWXGtBg90uP6/qg5,Pop
mzvy5u09/sWRSwPF,Pop
gNZIUUqDgJ7Vz9Cn,Pop
sLWiSfmcgdQvPNW8,Pop
Y7+EgRtdt6R0fyL4,Pop
IFTqqpduuusRLBAY,Pop
rxGCuw4M7qVM6Fwz,Pop
WN563N6rdzKyVPCD,Pop
6y+7YPL8b24Jt5V3,Pop
NikaMnnA3LfTDbHW,Pop
NzjGjN5n/4rTGVxR,Pop
GqlaEWSwHzPiCwco,Pop
NGmKoWLvhiTRRjkd,Pop
mZeNHUmJRObHZybK,Pop
b8G3nVR4wp6J2vfF,Pop
hwHlocueebQzOmxx,Pop
MdzD7bO9FNe7iTwx,Pop
t/40CXvVddjNbZbJ,Pop
fx3w4P/eW2oI5Qu0,Pop
vW/UaZa2g+ySfHXy,Pop
XcLPaX/dwViao17D,Pop
L04eD6ECzbAMvWdl,Pop
zS9dz3jwpPhqLMbc,Pop
Naui94coNWfM9yRM,Pop
MICzjEhJwjSnvrOi,Pop
E8nS1d6w31BTzt6T,Pop
jKsxrD7Yqk70hqNu,Pop
vIOnPKv1TaXK5C4b,Pop
AppBQbfBnFVargFk,Pop
oHTvLevMcDM7yPTF,Pop
M9LogwRaOwdk4xff,Pop
WFX7ve36NvqbZAXk,Pop
SToIweFusBKaLiaj,Pop
otvRkd/rKqpxSRdr,Pop
/vvL1LMUYetS6HqI,Pop
GCHd/hwWQLjAzhhN,Pop
gnOY8tehPPlRBBXT,Pop
yqKM2M0SKIzsb8ti,Pop
RPPO++HAFoF/LlEj,Pop
qiy4RDGkP882Z9pe,Pop
64cgvS29FOyRW4yT,Pop
emgRhlsXOK3bkohq,Pop
jHfexOoUq14SgGPX,Pop
qr7F1X/pNjOlIyCU,Pop
XefQp7jDVRxItme9,Pop
hBw5yw6EvVt3jgot,Pop
rUcbAq3nt3Ad7zBI,Pop
zVjwbb2J4DTuJV0d,Pop
imki/GSM8H0IJXyX,Pop
UpMKl+g6ZbQu5zh1,Pop
LXLs8ED2nL8wuMLy,Pop
fGIj+jXvAWsQ+ffX,Pop
h76OomXO3oOsniQK,Pop
zTdwSMadciZgdTbv,Pop
iIwbvvjyg6zjwRB1,Pop
XGnKSuvbL6SHs161,Pop
Ef/Fq/LHndlrtu7R,Pop
ABJqX8Dx4p5Qldl9,Pop
LfUCHlw4exAAo/Jg,Pop
L2LcKQPenRzToOut,Pop
Vehz80bhz8/C9ct7,Pop
ML4cJGoqojJT0Ltp,Pop
a8P9cPAdwUFyJpqe,Pop
ArVmuZ+mAvqwn0hU,Pop
UngzGU3EEK3fTm+z,Pop
VN83vd6om6Yu+S0Y,Pop
40srcSUIpZJAJIPd,Pop
ze2h7iQPZ8zRnA7/,Pop
Z4noBq+UbYF9KFqW,Pop
cftVbDF1h4NuUoYR,Pop
ftNdA9vOUL1Ha/UG,Pop
xmRVSh8d1dIk/C26,Pop
a9HrdQ70YJbEB5pP,Pop
xlmy3Tbfe8J/yd6v,Pop
JNgfZ1NvNipK4Kny,Pop
RNvSxedG3c6QGXSL,Pop
SqUGbex8OGRLrJTC,Pop
q9x8UrUv0Y1n+xYI,Pop
4OwN67YUbHOHZlON,Pop
DOX1aLQ2yBy5m8l4,Pop
bzOqFSfyD617ddP3,Pop
7EksHIZ8/qTlZDYJ,Pop
f9cacGmmxSEQ2Vjw,Pop
IfzGu/Lr45fADLpn,Pop
SWA+ty2QMQK7hW6f,Pop
HX8KwoQdQY2ZIBox,Pop
fwJs0XLUtKtvmFfW,Pop
+X2HXXy4WRyMOPNz,Pop
8x5cyCvse6ZUPO/P,Pop
JyPLhz4R7VIkQ0RW,Pop
f9lWPJK8cuZxHzIA,Pop
LVeE9OvF56wor9nu,Pop
V9mays5oeVzf97eM,Pop
vumj+rYwOaR75vx4,Pop
LJlqnhcYcQL+hFNK,Pop
A3kRhxp6+MvEUyM1,Pop
8LSWWFbns7LQ7fpq,Pop
8U4w50QHJxUfPBQw,Pop
aUIGWcVzMS9yc4Ln,Pop
TkiaLWaUv/ytLeUj,Pop
AAKnvchcKR/EorQT,Pop
QWF3mf8sGaVlxiqJ,Pop
tKqVbmwD1dtwX+5k,Pop
n7kdPTfSicygINlZ,Pop
0HMCV3OVLJYNhX9F,Pop
Lsc2vhjt7CPc30M2,Pop
gxKvQJOGt2bQ2HsC,Pop
EBi5qIFiVqCSVxPu,Pop
9WnPzYW4dcliBVKr,Pop
ERrMwpf6nfdjdDki,Pop
uYvAeUixZq210UoV,Pop
7lBFAfA+YNb8gGZd,Pop
BpluMThKaWA5JB0l,Pop
0bCtyKxgacA+rF86,Pop
8rdmB7s2G2/PgiSZ,Pop
QxcvwEu472FY9vBd,Pop
zxjXNcWKEt8Q7lDw,Pop
zHlsA+JOo2dpTiX5,Pop
kW07hLO0Ca8nVPWu,Pop
7cTHV1MCBpQL3ror,Pop
lZj/b16id1+VDEog,Pop
gmoheeGIQy09z/Bz,Pop
1PP5ispEnwNjzhyq,Pop
/ijL30q//UuId3ZD,Pop
V5Xi/fUpPyRx9+08,Pop
3JAeQfOhAMoD0zdO,Pop
n6JNjEpr+rmiBYHo,Pop
JBCcxPnRSumsDvKz,Pop
qL5Y2xXBr8K1tVXh,Pop
xMwNXr3Pd/yvUcH7,Pop
Cn/tXOHbp+mkGSib,Pop
MWNmze4dH6maTI8c,Pop
uU3l4vKxhy/LuVXi,Pop
tUiS4HHm6RAOQ3k8,Pop
/bZPVDx6OiZb0ZoN,Pop
cPNZI58DzlTVRLgn,Pop
L/mvogXRhaP4nBmQ,Pop
EzXUKzpMQdkE/F92,Pop
jAyMV4BXuGvF57/j,Pop
9DhmVFvzUB9iLNGU,Pop
pIrYFFpxaoz2WwcR,Pop
bo4ReDmxg6HDaX4U,Pop
D9E4c8TqhlILdBXF,Pop
XEY4/9qYQt1da9Wo,Pop
vaxr64jo2C63Ta+v,Pop
WCHfKy/v/9gpGR4o,Pop
tplC3ZF+yu13RsnN,Pop
Ed2hooKYG00k8hwE,Pop
aRs8rJn203oTx/41,Pop
ggTfnksCsj2z2zMr,Pop
b7IkmE/ptcJ2iJUU,Pop
v6f966QkY2LPsBQt,Pop
gkEhVz5U9ULLfOyg,Pop
q2XHxCLXGZt5SQbU,Pop
m9hHowYJb1213t5I,Pop
iPcwRncGIDoxASG9,Pop
v/qC4aWbWHEQMaux,Pop
iMsNxbpkf/+Q/8i9,Pop
Eq6oEOEJEOCcnmCe,Pop
SjC83isk1EFWYnZ3,Pop
KT/cpYyxAQMqKRBa,Pop
zzGFDchqeVnlUtrf,Pop
o5wX0tlGoCHbVC5V,Pop
3YnooWmz7Sm8CpUJ,Pop
dtMvbJ+kWGFM43WH,Pop
9IRlsaRhEoRl680S,Pop
4cjrbUQeTy4/U2/o,Pop
tv86bcUK0g5Ysiw4,Pop
3+uabKQXsh0rPA6Z,Pop
Y8aGaSEf7g2IBG+Z,Pop
xmy0C60BE3gkswKs,Pop
m+kDsW9Ff8ZiDYOJ,Pop
Du4S2DyOYFf0af69,Pop
O/8V03gPLkIFr777,Pop
nQkNWvktLa7eyIkg,Pop
DrgmkO29nRe78bFU,Pop
9J8AVqOv/xrqGiXP,Pop
EthLqDLXaKpiRXJL,Pop
OqBcvPlBTkukIGEQ,Pop
1UNo026/fPQ2uAF4,Pop
GJrTqG9yaYrHK4V6,Pop
mFAMH9CkfBXXHpEr,Pop
Y33inYBmztmbdYhd,Pop
GZ16WTy4kEBkBQ2b,Pop
OiD1iS3Nl2muDyLi,Pop
mTmwtSBaAet/9WdX,Pop
ZrEZiodJizNxAxr7,Pop
pT+W9jd+JrAy3tzI,Pop
JbxnZlmhiDYzzY0E,Pop
VpS6YdxSTsXqPBPl,Pop
tySKURlqDJOr6YBr,Pop
m8Gnc6IHtCxabf66,Pop
Phy9ZDb7OHKSFuGf,Pop
GmuNaIJvZA7WJO4v,Pop
q1CvKHv+TXflSwVy,Pop
JVEXDT16uK9o482+,Pop
0x2qXflFXZy9dXqQ,Pop
wcYCeBOmprtF0Szr,Pop
xm9WlPpHP3eNyKAh,Pop
GoqI6GOjWTCTiFD5,Pop
HCIe9p/SLJywfXCS,Pop
aeUgUZEp671a+xsO,Pop
+Nz9Vfjw+n+YklSO,Pop
ZESPZAXgulis1GhD,Pop
U0OkrEiPerVjo/am,Pop
XsAA1W5N4hA8Fjf9,Pop
fd8PWOd8X0JMzBtl,Pop
2I8YLYOgSJWDap4v,Pop
ihNAuum06Fvbru6A,Pop
pxRpCDNZiOqA93cU,Pop
/ZEkjPXZAJR1oLOs,Pop
msbJavI9V3oCIfEn,Pop
K0ybgm3PburUuK9p,Pop
DQVp+qHvJFuw0KEa,Pop
QO44SoFAKIrWI45+,Pop
z5GbWGvyWB7Bf6+E,Pop
fhjuXTZCNbQRQlb7,Pop
LSLsQy6q4TwlZiWM,Pop
LGOcoLu8T8upw0Dk,Pop
MzkK+yM8XTEm9YE3,Pop
S/jqja0pXcYA3/vd,Pop
YEPUNCQbSKJXPPvH,Pop
ecfomU3CeyYDOn/t,Pop
GyI9NqDyHlssBvjy,Pop
CfBGQ/fdoZ8/shKP,Pop
itg7Hyl9BA6UMi1v,Pop
rLwlORecQV2QIP9k,Pop
rIHaIbbFD+bDDUc9,Pop
RtDrJucioe4bpBoC,Pop
PWnplrUM5c2CBBRI,Pop
ASFeSIXyQN6u8JDM,Pop
H1AjwZnyYcdF+FAb,Pop
MLK6ZJXXYr/7ZzcS,Pop
4thau822DkWZpwhF,Pop
oCwMjm3F5CrZXA1v,Pop
GHGoKkvA+6HObdMR,Pop
uVII6IagcTjb69DZ,Pop
X9exD8zfNs/LfqO4,Pop
6JJPWexprNx3XgTy,Pop
D45gTkPWfdIFs0iR,Pop
4sLvFPQLlzuehm5f,Pop
SxRfMMw9uSIDHyop,Pop
XEt7/sxh6IFJuAwQ,Pop
dLRujco8fkZJma1x,Pop
ToxXvvyHfJprSZr0,Pop
1OjZL41xdR4v/JXX,Pop
CuJ1EPm5TOOPs7y9,Pop
hPusphByAfq1jnpd,Pop
tSioXgvL/00Ot1vo,Pop
66r8dJim23ETOg0U,Pop
TK1c1gKTdBSy2kG0,Pop
Glyfgb48IN7416/2,Pop
mMSC9gBgR/cTzvCV,Pop
qkrMgpnhr3tyCaPg,Pop
SRfXX6ETIR202hnS,Pop
LZK1pOZKtk1GauJT,Pop
RxWOveYre4LO6/0/,Pop
lHyxIqnNqA5ByqiF,Pop
Fge1CulkbpQ814Ki,Pop
TvVL4FF6A/fI69gz,Pop
BN+rzJ3d0tM42Lr1,Pop
m346bz7uxQvKlO1y,Pop
TQICW5j0IaCY7XfQ,Pop
sqHxosj3IV1UMQK+,Pop
BrB4dK5S3CaxkZVt,Pop
IkX34ThxXNuxkmC+,Pop
oQlfo3rHtbCFrgko,Pop
1holEF/wa5RAg97L,Pop
jo4wueYGbwrVoD4m,Pop
wUUUFupVubWXvZ0O,Pop
bp57gaXvaLqkLHdt,Pop
rOci67uz1d4q0FlY,Pop
GTAVpcW5wPaBGHQo,Pop
J+0IXdkPbPiOq/oY,Pop
efYm3SVqaS7nTKkt,Pop
YgqFF8uCy2POHIrE,Pop
x5TdJbNdlHQ8sliI,Pop
OnbyfriNqwWytX/+,Pop
ookgMo07Bxf25299,Pop
kJOt+cCDEpXHr6rp,Pop
8gcIhe4W4/ZguA8m,Pop
VQWcSpAQUcpu0122,Pop
KAXUFJrxLXI7C6hP,Pop
dq5i/JYE4jOz0cAo,Pop
+aCQE71+h6X7YyFN,Pop
bgnks0IR+E4ZL8Nk,Pop
Idod1h18265iHM7F,Pop
UvFWPXJ4RViglo/l,Pop
P6cfXtCxKQVtMgxC,Pop
LKPuWzawfPtCrPfS,Pop
JaDhYasP91tgQD3f,Pop
nLAWQ1tJEYZ2j9oO,Pop
SkXdiD9McA2AqIKW,Pop
VK/YXuqaV/Mi/XAY,Pop
q55ZD3u7HeJAoGMV,Pop
28ZLcBMMnIh+RM9Q,Pop
PPWcW5KTUDqaqQyG,Pop
g1NMuu/lDWtrngyu,Pop
Nlhxggy7q4UUk09v,Pop
Cnd+JbCZIkV4Vj8A,Pop
lZZDQc9N9e+9m52R,Pop
E89tiI6s5uDV0kJr,Pop
Pt7SS/oRgYB8+yTX,Pop
tShL6+tB52Wqx3tn,Pop
E6BqnVymuJzTOTq9,Pop
4xybtgcX3tzEnJ9V,Pop
UTftRlwK9baIgXXS,Pop
iSkP4uasRbEz65H8,Pop
V1M9AjzHphvNkns4,Pop
YUC/FyYSSEeKND/m,Pop
9HPcVyTXV54TUgmP,Pop
FZSjYisKXPyDEUWB,Pop
ke+eVoqY5afi6sxa,Pop
jJK4dExUlCXFL9Hw,Pop
+BUPG5525/dFeBZ1,Pop
gS0+GOhlORDc2W+T,Pop
9p7yG5cKWuRZ7uTF,Pop
Ebl0ZYJ2ZHum9PTr,Pop
uHt6bGElXKX9kvZC,Pop
9hFSz/+eEy/yyLUa,Pop
3StvM7o73Oc3B6On,Pop
/S8vi1R2VgkF6E6k,Pop
ZnhcwjMvPHVF0Egd,Pop
ICWvG3q18q7zZRvR,Pop
ik7+K41iqC6/H3l5,Pop
DSDZp5mqIzA9eUAd,Pop
F4u27GkLNZxoqJOx,Pop
PG1fKYML6OUSwwMU,Pop
+C2m2Zfw0liJ/an6,Pop
URHc6XOB77ptOqpU,Pop
WmC7GvaQKbc7k8h5,Pop
bZsNbePMiumnaHCS,Pop
47vgS6o1xQeC/0Z6,Pop
ZfzjQY5absEzR/uh,Pop
SwDdtrvcOkzmwrtM,Pop
nyR5RfyAqBSPMVHt,Pop
yuZMTlQr+w0M7ug7,Pop
EIq1HRVgg5+BVpTl,Pop
kiwbfM0xAy7TzW5N,Pop
rL7oB/wJThGDLrYi,Pop
9BcQ8JW8rD6ND70z,Pop
QQ1ZIlp4D5Vm8Dz7,Pop
eI4X54pbFRtNfQXO,Pop
Vw/HOVVpDHEqDo8g,Pop
Pv3WUsVd9yZ8Jrc9,Pop
qHWORrem28ur/o3f,Pop
qbOMo4dWZbb+EQ+F,Pop
inQGE7IZLl0HuDoP,Pop
0evgBvghzFgCaE3y,Pop
DIMFpsf2CfscK2tn,Pop
vNqqT5dxxVgbC9F5,Pop
zZ2FYWBt5u3atM+6,Pop
+emok2301LUl8UGV,Pop
PSm456X8XITmbY4Z,Pop
/v1eQb1en00SSIA6,Pop
I1ecqmRg1bfz6l80,Pop
DWMtc4Y6yqvCAzxM,Pop
za+Zspk/HwId1W8N,Pop
46nwiloUBdqJP30W,Pop
3Nf4UgzgVf3eLUgI,Pop
ejxTgt/RsjCjfycd,Pop
PZS3Pz4ZCli6akWU,Pop
1ecZXVYW2jmFQPtq,Pop
KbRU2b+aHEGCN9Rd,Pop
ge8ojOITL702dpa2,Pop
449gThPwS8I+N9iT,Pop
o34zt7GVlfZSNKZB,Pop
BHHSIW3iTjxy/akA,Pop
VGiLQKocwZWtUd4h,Pop
MN2M4KYJna/aw3hc,Pop
tY6AubGH9aekC1Zc,Pop
ReFWDGQETuAgcMBQ,Pop
+NdXTNLEuDD5KKL7,Pop
w2VvcvENN2T6B/SV,Pop
rCjYuxRBG7qDhTqI,Pop
038CPCkNcwezPusU,Pop
WAGVR/AJiGLIAmvA,Pop
5E8jj5PqhKNOzOaG,Pop
TSLU9LHVoALxrX7g,Pop
3DUiJCB7KPSxRvmM,Pop
1CXdD+/ytaTRRdeM,Pop
QvoTSPi3B3Xa7XuR,Pop
k+VucuDhIjmQ4Ljo,Pop
Xil16TvDZqi/dp6C,Pop
dVAXDphKWXGnDXRU,Pop
S7SiQPZcrAPXNEEL,Pop
K9PFSSX+gVnKln73,Pop
fbGCsQvn7y5nds00,Pop
HClzJpQruLCxe7bV,Pop
7ymnfXTAfEnOyu5c,Pop
xQZh0vHRNx6+a9Jw,Pop
15jMRemJi7oXJ9eE,Pop
cY58mxDgDjZsqd1P,Pop
n4WkYNCDOy38bH/U,Pop
BNhOREDAGLDQMIk2,Pop
oamuCew6JsrIG06q,Pop
OR18G8Et3myLnnlr,Pop
6VeCYDDPrA9lR6Gq,Pop
zJmHKgs0oDak/1sG,Pop
aBfQsp99+VARkNj6,Pop
SWei8V2AFBG0VqWc,Pop
wdBZUwCcWEc4hF0B,Pop
60qEwFXw9tXDBNxw,Pop
ZxHJY/K6GA0gE+Dm,Pop
tP53nf5NkDY+N6sU,Pop
Eo5CfpVIvzxPxLD6,Pop
lbjRC5WwaweIKX6q,Pop
+HUruyomSZjwoh1T,Pop
GM9RU9fxfpf/r7qX,Pop
DTaTQe8u/pJNm4K+,Pop
lvb6oCmK6U+eEFCA,Pop
QWZL6ZwXJS/VerRQ,Pop
i9DcfMqZ9cdgljmZ,Pop
9pYrd5kC/pMdtFJb,Pop
k4BjwLnHXpfpMX1k,Pop
AIf/CyH2/8qL2IGF,Pop
R5bmsuWgLrZs8sca,Pop
TFaWM8aqbMRDuSY9,Pop
y8Y5l+A/0Pwdk6M3,Pop
xitc+zOn/9w72g1s,Pop
mxpSR/8fExWJZ2sH,Pop
NYgjD9H03gt8ZK0N,Pop
QJzApKL4/RvbOQ9G,Pop
oOTJ/Qmj0FRP7vyH,Pop
pu90D132wOQdaKJ3,Pop
/FBsMYjoiwc6O0HG,Pop
qEVauJVeeFTnqy8i,Pop
12wAIqLSE4Iq9KmL,Pop
SlfFYTfE9fDR1TpT,Pop
XovCEuX5q5/dtaEp,Pop
46I9SOB6qdj9ZE2o,Pop
UjkxZUJdnmEAL0Fz,Pop
zpIVaf8yD7S+ytiT,Pop
o1SlBfRH/wpwHV5n,Pop
GkP8K9dllJtXv4wX,Pop
+uSEihuVxMSFb6dp,Pop
5shl3IUmNnBjBlHs,Pop
2pgsQ+us3RBK6yUO,Pop
sAY9MPGYcTekmJsN,Pop
wUV8jXEwvdAlkwTu,Pop
uk8YOEBytOtDD/0S,Pop
GbS7ixYLfYVPrwlE,Pop
6O3Hb3qDcwcC4PtG,Pop
6tA2A0HKuVFn6Jo+,Pop
IJgJarPy92qTyELj,Pop
FVyNjuD2rJTiUTEW,Pop
ecsdaJdYs8nBX2Dd,Pop
JWX9Tp636Z7H5JxP,Pop
1Cdhez6PiG9e6TNP,Pop
aoE22skvM/Kn6iSz,Pop
CNEi5K1wpiGT6rEe,Pop
25xAx4slNL0OE/IO,Pop
fy1iGWsvEr6pGRJE,Pop
61syn518s1jU+JDz,Pop
HFr96relJhR2Gspb,Pop
7kuZYbclWZ5CujDo,Pop
4vxKI+PJi03lVlC/,Pop
R5+LlH+a4Yu7m6Jh,Pop
IAkEFzjMPkkPX2Vz,Pop
QCzHyMsP8FK4Mnp/,Pop
KIYlftp/21sPDXnf,Pop
XQy1xQ9rnG6loOQB,Pop
seYhpngk9Ib+H+aI,Pop
v8SiwBcR6JKJo8NZ,Pop
O4QvJTe4i3rkolPT,Pop
hcqYkLu8F2mYSWSv,Pop
z0PobuuP5WjZWIMH,Pop
RUq69KNf2LJPu0k9,Pop
0E7uzvK7GlNsa5Nf,Pop
agNJJ0Rmp7jyAfmo,Pop
GRa8s8lpitRL+C4R,Pop
GW1udvmfTcmlSxLO,Pop
9ZYaU8dJu9OOFSAy,Pop
ozMMdc6br1J6dKiK,Pop
l44cNZR7q2HrCVin,Pop
0kkB7OYT2F0KW6mJ,Pop
y4XRPRDXGkddGlat,Pop
P7l+VMTl3LVz6KDS,Pop
P41xK0gso4o6W17r,Pop
a+HPekeHLSkPlOq6,Pop
rATd5hG2pmgWur5u,Pop
3H2nbKYaWAMlefhq,Pop
3yf5t1hDur0qScg7,Pop
fyKA5eI6JWQiTBju,Pop
FOkOMC5ItaCNIptS,Pop
n8jv3NUd9gfoaxR3,Pop
FHOYMbm6tdKiCt3J,Pop
zfxAp2RR1L4OoP0C,Pop
S9BaiHgpRrWi/gnD,Pop
reALKkPmio0ioxQb,Pop
IOv1yRhbUH+xfwQq,Pop
RoGyCDdT7Lu3RiYz,Pop
KR76QaT8xSciZVo9,Pop
Xu8ubN3fiH/4ikfD,Pop
9vPETKgjCa+az6K2,Pop
l5C4hiGz4P9Jo11P,Pop
sD/dwOvwSrQ2tc9d,Pop
+DJnTOkovusuMZHm,Pop
KeGTdIvDHempnINM,Pop
lwCGGWKCDSAgfD/A,Pop
ATko1OP55PhrZC6L,Pop
xfbVbNKkZXkBdCcc,Pop
hBEEmoFLdalxxzCo,Pop
Nv2/0P2wgA4+RMc2,Pop
RX5p+6lnp0OAn6ID,Pop
0hECfekhbeYSUAYq,Pop
evHeJ7ZbVv8YVeOI,Pop
XpxnijNn1nmBYFpr,Pop
eZx/Qp57XomNsO5s,Pop
Fqdq85HzYoyCdNK1,Pop
M5zVNkuRJEEfJyiT,Pop
+D76jaPWfn2xHEcT,Pop
LmpILiRTxTfcDz91,Pop
CG/ZPp1bG495IOIi,Pop
i3+Gmi8MASJc3U56,Pop
XEgJdtKL1QUHk4I1,Pop
HPnVM2IqOk8bDVvd,Pop
7pSLAdd/zjO7VYjJ,Pop
NSyeX0cHkjYJFVqW,Pop
0ATaiAm36qtjBH1a,Pop
bWVfnDAxiqkn2Hi+,Pop
mX4Yavfjm9GPgWlZ,Pop
F1kh0WVZShxGWYjl,Pop
7uH9q/aU6V6JHJap,Pop
oeiFDnrf1ZuPFTHJ,Pop
yRWYZXIKl8KC1vRE,Pop
6tbxp8hcvzLCR4iu,Pop
axGIaMnpa2t4ZQqC,Pop
PquRLBiuHbtwKYnq,Pop
7bU3HNuSbv2Tc0pa,Pop
4VEiRg/Lkw5YsMzU,Pop
HUxEMroyfhe2GgqV,Pop
SayY8DLbIfe/awPr,Pop
JntRqXOwrPiibTE4,Pop
mqCLmub830ZDD5zP,Pop
8fysM8ILq1p8Lrmw,Pop
qAsplft7e1oQzlNp,Pop
fHz3+gTTL+mhZv7m,Pop
ZbhFvef1QQMead9C,Pop
3tMz7qoefv7K3ENU,Pop
6R49ZtyNLy8SmV41,Pop
vJQJJAG6MqPM/jDV,Pop
NENegtVRYIkDjv/T,Pop
nLqltMI+eRUZFGQD,Pop
tIrTdSARJneS5gy+,Pop
jIcOWeacB+8sJjGG,Pop
faWkMhz1k4hk/hFe,Pop
iRWDTZFbpQHQ7kfy,Pop
8cE0nI/cMxNtVNdg,Pop
BmAGMG+cZXWSCaW6,Pop
uBA+xMZD9yoJDbYD,Pop
inRYd0q/21au+Wi8,Pop
deq9N6SEa44tAmYr,Pop
Fs43H11mfNtsESVB,Pop
N1u9DQxH5ojqglxZ,Pop
FQIJHlUI3bPbrGA5,Pop
/7w/KquYhZgsYzGF,Pop
KMVsMTHKkCQxy4rc,Pop
8Ty3iI5TTokhBatD,Pop
Nxr5JucbGSmMtQMM,Pop
hEoJ3qDYMuFncnRO,Pop
hh8FMsjTiXoe2AdC,Pop
7cIL0Xv8Q7SB2f9d,Pop
H5jAXZkr2jK9fS7s,Pop
G5nbWqCVRYr5WxHE,Pop
Acaxl0bPCAgQH3iT,Pop
gkdhmkDIEg/pOhNq,Pop
w3isg5wRiFMOXSq7,Pop
QtmqM6KYROBYkUUi,Pop
u/344T7iyxqvttCU,Pop
jTi4ClLLqNqFlQal,Pop
vUMjXhk9HOIXzSF9,Pop
NXALv4i5WnLb8s4X,Pop
i5kMmw9lR5KOdkuc,Pop
n9JrZ031b4Ctoyph,Pop
JUI9lCtdsqwa+tp0,Pop
JqXLNaITKxIHYU31,Pop
FHO3dSe57TR+2aUR,Pop
tTyLQD/TuOjB2Eb4,Pop
lnv36fJO0y9PevMi,Pop
MHSRGVULGTBVfxrk,Pop
zMdQohBE7hvfZuzC,Pop
YGN31uknG4tsQRdv,Pop
3nU8mtZ3IiLTR9JT,Pop
Vb0VxR12lrKVpMlH,Pop
NK+xZCxs0+TpT5On,Pop
a4ARAqzgALqAFmrQ,Pop
GZONbExkRlCOwV+A,Pop
qZuQQk0H64Iimdwo,Pop
gsPwMP/Lnz72V8GN,Pop
FaW55qvePEjRzEuI,Pop
mVm02YOFcj3nyZvq,Pop
SZibIgfYMhIAIk7G,Pop
cj6qHqZBqmyqpznG,Pop
RZ6eDsXjJsUspAPd,Pop
d/DTciSvxzMIpHoa,Pop
dhlrRGV65r/XUuDu,Pop
/voaLKDlOlqMcCJD,Pop
wiLtkWhxG7i4wPUP,Pop
qVp5Bf3GBzv5I1hU,Pop
jbyV5tvAv+4cZIWD,Pop
Fozi9qGxP0+CWRhP,Pop
JRKo0bqxbQY74yFE,Pop
T6P6UBlXjTzfsZYg,Pop
EQ4k72ItNNkbpmL1,Pop
ELWSB/Bl1EwpZe9r,Pop
qXPlabIdEitea4Oj,Pop
iVCMZMJCge6Cj1Ki,Pop
vPlmjgP/HJRBM8mD,Pop
pgWJits1rOi0WCEZ,Pop
HN0FAsYguFoOA5Rv,Pop
08PdQS83+bt5SbCN,Pop
7TAvP3uNikPRdlaT,Pop
CYjxWOVzOaZn8gR3,Pop
T6Q3Jcy9XEuOcmif,Pop
b60kHEKMu488hgnm,Pop
+A+k0HEWeNnBAQOX,Pop
VlRM1yra1NQSowXJ,Pop
oDyvs/7jVCRTe/x3,Pop
odpGoTRPDDD/7aOl,Pop
OrOUQ20lpExyu1so,Pop
n0QHIkPypx9uZSoU,Pop
UHX6uqaCsU0fhHte,Pop
NpglEgI4MYH6X8eY,Pop
+TxSWv/fQVqxVrPS,Pop
R7Xdzbv2/vhQW3Jy,Pop
OcDYtCjKX/O5qzke,Pop
Q1wK6ln2PhMoJzXf,Pop
AEgMFfaH1Lec7mU+,Pop
HOBCqHAyTTMF9BqL,Pop
XI07Ot5TyhcxlyXq,Pop
o0MsoMCn3/g/TUWP,Pop
cMYWS87PS+xVXhN5,Pop
WqHG+BUtURE5DSEY,Pop
K2xMyF0kc5bFzcBs,Pop
8/zErVxx1BrEWmV5,Pop
YQKwbUvABp8q7UJt,Pop
pXYsCDKpxaaDYIAP,Pop
Idummycc3lCHwBOR,Pop
8k+g0kQn7qkekxdv,Pop
2l+cFhd0UXvI5ubb,Pop
yXvqz+0dBexGeCLD,Pop
rySXGLZLRR53MVrQ,Pop
aj+zlONILR95PDwX,Pop
K5oyxYW4KqpIH6HD,Pop
aktd0wrkObhRHrSx,Pop
oU5FnYj6W2J2v0jf,Pop
S2FZREFsttwxpZ62,Pop
JenR887JJt2nvvUz,Pop
+P40O/6CVU1Z21DY,Pop
tH+SRgwY7Fd/inI3,Pop
ZPIEnDozNaq4X0wU,Pop
453C3I3yAUazKvi8,Pop
1A6OlU6mNGH5+NTX,Pop
wMVEgnwGGGLTmflj,Pop
PuEkGQfwWPZ1n9it,Pop
rPdwLQYYk1EOeccl,Pop
Z8dHId0NK4AdLbqj,Pop
iCm3UPoYO05Y5q8h,Pop
4nR+dA5c5n09IbDz,Pop
fF1o5Jijgm9u7Gsb,Pop
g6UO2mLrWw7LdZXz,Pop
XAHSHm5jQhI7ixta,Pop
gRC1udHjPShhvLLu,Pop
IheVmGS6Tvgo/LZh,Pop
TK1e2iUu4qXtP8RY,Pop
hYd3EdKHQtY1ktbU,Pop
kaiUvGteuYHk0wNE,Pop
wvvrGN/MpwEGbWWI,Pop
TJVwdqN+Jc9PYdrt,Pop
M6FfKI77sQfhT6MC,Pop
lz8ktP4ZyhhuLEIu,Pop
iO4W8KkEjUjBKngU,Pop
hXm2/U44a4M7Z+6C,Pop
WuUQqLF0aUvvGO34,Pop
CkV6Qqhzt/jA3XQc,Pop
ExTcyUFeHUXD2ajm,Pop
GlIR1Xd7Ill2gbMO,Pop
GSNXXbZb9DduRf3p,Pop
9+K6mcYIUhFWVP+P,Pop
tdwFzdZ9e/wrIZDZ,Pop
HEZnT3TyqOCO3vIo,Pop
eEZXGpPiql8ijZBc,Pop
uPl+nA8D/GcAp/EC,Pop
91THNGkF6BEXEivh,Pop
J9PHiMdSCPIp0izU,Pop
+IHEbRgVz7guwzle,Pop
ooYVdCupyExF3m7X,Pop
jcvsDgTuLQxgIUxk,Pop
JMRzXNlyG8X1walp,Pop
FBmhuYCYDGEL01hB,Pop
v3mhMiNUmh6JPj3O,Pop
p6W0Cs9U6T6ZIG7V,Pop
6+bRaCQOBzygzL/Y,Pop
Ju5d7MSn2Ek2bOTL,Pop
KeFXZaoxWOng0JR9,Pop
wKf/TO7kXKwG3VXs,Pop
u5X+91rpLnGgpi/S,Pop
GkJA+xa24P13LD2X,Pop
5Jc6rGxh0rCPVtb5,Pop
9pe14LNZM2z1PfbW,Pop
eqCp//dviCiScquK,Pop
U6G6zgqtHjqQEuYY,Pop
+tyrdL3d3VK2+BBn,Pop
KqSzPJcEn6mj/+Q2,Pop
tHhF7qdCSppm8k97,Pop
VogYPRYNTvTXNTO8,Pop
hLatCtIx+jf0Vh2t,Pop
7PT4J1YIvPJrN28J,Pop
nwbyUZLYcR/6Limj,Pop
/f1xjygfHq+1KYU9,Pop
Md2Q8jT8cOhgp+6o,Pop
m7SjOJnUYXLg3R3n,Pop
crtvyhDIAQjFXmUN,Pop
cu8zR9IcgQOfLILC,Pop
cbw0urfBWZ12+tbM,Pop
43O/nqmj/vvl8UmG,Pop
eLqvWD6yIj1dxfrj,Pop
gtJoOTGpNtwU98hT,Pop
DlWlcgUS6oBjPjL+,Pop
wlcOzcihgxocD+r/,Pop
UIp/znfpz8H4OTJK,Pop
UIgUr3EdpaTPqmji,Pop
l9sLlA/x0icHe6Xh,Pop
J8ySCuUKpchxzU2J,Pop
Gf80y0InfNmvMz+v,Pop
rvCJsrt8wcozayCk,Pop
Ganl7xzSaD+eVBHB,Pop
24jNiWm2J79WTk+Q,Pop
/lpvCukXwjMTUVQn,Pop
dbxiNLJvP0pZuURi,Pop
W2r6Oh76Lviipd8r,Pop
WG8u5B8EPnMV0Oon,Pop
7XDRU2iGB4EW113+,Pop
aPjte0NELeJ88Zqb,Pop
R5OXOO5OkNNNO963,Pop
xRuQyNWfU5A/cTjc,Pop
+S/Or8F0VSKpgRWj,Pop
LD8xXVJZz9G5tKu7,Pop
jDAPeivN+xDo5lEJ,Pop
muV1oBO3MoKaer7V,Pop
EIP2vlhX9aWU44lL,Pop
ypmMcY1xlMxt9IPM,Pop
fnOjO3FoU3P5/O7n,Pop
NJ0HMhBV5deJK16X,Pop
jTFT7/396ffmOMNo,Pop
QUY9syI/FdxtbGWb,Pop
dJaBEdqtlibl3xQH,Pop
7VJunu/nhAGC9DVp,Pop
+DUK+v9t6lI+l/rp,Pop
yNiThu/SM2FWI//y,Pop
qx8ylxf4S4KOmmPh,Pop
MqG/ng7z5xTTU3QU,Pop
rLXguTFDGrm/7Myw,Pop
yRpl7y0N71k/AkdW,Pop
aIe6/YdZSrLexyXu,Pop
Pfwm9XqyQC5Z+PYs,Pop
ueRYE8TRGWYM3xxt,Pop
/Yh8L8IEidJ9K+qa,Pop
Q/0LXxRmuMW2u4gS,Pop
7hXICee+Xkefyv22,Pop
+9m6OFpPNpzdHmzj,Pop
eX8kkaKFEgAm9I/9,Pop
T9z7vJxjKwuI9tMy,Pop
y7Fj218g31mqIsL5,Pop
4AEGN7SzXLlPrEG2,Pop
bHNFw3x0mxUeWhDB,Pop
MB0c3JYaMq0/vYIQ,Pop
A18CYLrkQiWq4mkH,Pop
bahi13I8/B1JzTff,Pop
8vLrByZyIwUqLIlf,Pop
1vcCLheT6uFci8DL,Pop
Ic2TBFCToLBYHlXH,Pop
s/Yk6EdC/UnhXybm,Pop
1YEr2ilSdBDz2xDg,Pop
xrM/evq1hJWxbrpf,Pop
xJvPlrrSwsnwaR9u,Pop
WXPng0IjlqKVKAi3,Pop
7bzlgYJfmlM5pUDy,Pop
uRwocw0uQ+WgY5+u,Pop
GfCzW/iKHA5ks0AB,Pop
Uu2MBXna4i/etLNU,Pop
tagcsdvclSjPq2O8,Pop
0TG6wJgd3F6EuqXD,Pop
16OKxMhxh8AMhkFj,Pop
hWUWSjp6FTAXpAwT,Pop
V0wLKyDuH2ozDJ42,Pop
NZE9m3GGkFtKDEiO,Pop
ITzDepKjDlPx9c81,Pop
k+o5vTop49cq27WA,Pop
NEGou+ImLO5H/LlP,Pop
+S1gVuxSQ6H0ZIft,Pop
k+QWnNlF3X3nTUsm,Pop
jKuAN3xNwZZGVSUY,Pop
4m0U7C4zLpLHXwyD,Pop
ByFgL8mFmFm2+WyY,Pop
oJR4P1QTB/LDPMFC,Pop
CnLk2ULhx/b952O2,Pop
yYBVyRT53gPsx9iu,Pop
zpgzXFeKuu7OCXd/,Pop
EKGZ/DWQthPQu+Bo,Pop
gsJqBoKNawSKcMkn,Pop
eHUtNfmwpiS0tAII,Pop
BpLeoPrPE8hCIiGy,Pop
C7EgLjmpIiwh5crA,Pop
lGQ02e0XiVxFdsx2,Pop
